"","WM_ID","Centroid_X","Centroid_Y","SR_M","SR_A","SR_B","SR_SUM","REGION_2016","REGION_2017","grid_bio1","grid_bio2","grid_bio3","grid_bio4","grid_bio5","grid_bio6","grid_bio7","grid_bio8","grid_bio9","grid_bio10","grid_bio11","grid_bio12","grid_bio13","grid_bio14","grid_bio15","grid_bio16","grid_bio17","grid_bio18","grid_bio19","pet_ann","Countpnts_t","Avg_t","Range_t","Countpnts_SP","Avg_TSP","Avg_USP","Avg_SSP","Avg_erlong","Avg_HERM02","Avg_HERM24","Avg_HERM46","Avg_HERM68","Avg_HERM81","Avg_HERM10","Avg_HERMER","soil_var","dem_range","Avg_Z","Min_Z","Max_Z","Range_Z","Rugg_avg","Rugg_range","Countpnts_cosmo","E_Calc","dE_Calc","RELIEF_MIN","RELIEF_MAX","RELIEF_RNG","RELIEF_MN","RELIEF_STD","REALM","HERMratio"
"356",28548,-72.5,10.5,188,30,505,723,"","ANDES",238.19,58.09,656.72,624.29,282.54,193.97,88.57,237.73,230.92,246.65,229.06,1145.67,189.96,11.49,63.25,549.25,41.06,339.81,68.16,1795.5,7,15.97,24.6,7,303396.72,64.09,13.78,0.44,0.5,0.29,0.18,0.18,0.09,0.09,0.22,19,3617,205.71,110,320,210,221.13,997,0,0,0,1.03,3166.17,3165.14,643,756.46,"South American",2.77777777777778
"357",28556,-64.5,10.5,172,24,374,570,"","ANDES",250.14,49.62,631.08,601.47,290.1,212.13,77.97,250.08,247.19,258.54,240.6,942.79,164.07,12.1,67.9,474.32,37.55,171.12,75.23,2144,4,30.8,54.8,4,84150.35,30.77,7.92,0.19,0.22,0.22,0.22,0.22,0.22,0.22,0.22,16,2439,115,80,220,140,276.19,731,0,0,0,1,1900.66,1899.66,346.2,443.71,"South American",1
"358",28557,-63.5,10.5,180,32,435,647,"","ANDES",240.68,44.93,618.63,621.06,277.93,205.52,72.41,241.01,236.83,248.38,230.51,1291.6,187.32,29.08,50.21,550.04,91.78,263.39,180.14,1661,15,52.81,188.2,15,244348.61,41.65,8.22,0.17,0.24,0.24,0.24,0.24,0.24,0.24,0.24,20,2586,353.67,5,800,795,207.96,1007,0,0,0,1,1979.9,1978.9,398.01,410.91,"South American",1
"360",28910,-70.5,9.5,210,49,499,758,"","ANDES",221.05,65.88,684.37,460.38,267.33,171.03,96.3,223.42,215.92,227.16,213.43,1247.6,170.43,35.45,42.44,488.29,117.71,370.94,196.1,1666.5,13,21.24,142.5,13,714664.06,164.95,25.23,0.47,0.71,0.48,0.22,0.12,0.1,0.05,0.28,19,4113,1530.38,700,2300,1600,347.3,1096,0,0,0,10.24,3500.07,3489.83,1062.52,862.95,"South American",3.22727272727273
"361",28913,-67.5,9.5,179,36,319,534,"","ANDES",262.68,63.44,609.29,880.36,324.09,219.76,104.33,252.02,265.89,278.61,251.92,1127.91,193.04,3.94,77.13,563.38,12.84,130.69,558.51,1599.25,11,25.44,32.7,11,45710.55,20.32,6.2,0.19,0.2,0.2,0.2,0.2,0.2,0.2,0.2,9,1845,266.36,182,371,189,66.13,648,0,0,0,61.97,1393.76,1331.79,268.21,223.32,"South American",1
"362",28914,-66.5,9.5,177,35,308,520,"","ANDES",262.31,64.8,625.73,770.68,320.6,216.92,103.68,254.89,265.19,276.54,253.68,999.9,176.82,5.76,79.66,523.5,19.32,107.68,408.04,1609.5,15,18.26,23,15,23938.65,22.73,6,0.24,0.26,0.26,0.26,0.26,0.26,0.26,0.26,11,1557,469.73,324,1019,695,41.47,595,0,0,0,105.24,1110.07,1004.83,267.35,174.38,"South American",1
"363",28915,-65.5,9.5,175,31,257,463,"","ANDES",273.29,66.36,632.69,715.55,331.3,226.29,105.01,267.27,277.19,286.29,265.42,958.38,171.62,4.82,78.38,509.06,16.83,112.1,323.26,1678.25,26,70.6,345.8,26,48692.35,33,9.37,0.12,0.19,0.19,0.19,0.19,0.19,0.19,0.19,10,1077,310.77,273,351,78,28.28,287,0,0,0,12.41,696.72,684.31,127.42,102.5,"South American",1
"364",29269,-71.5,8.5,221,78,572,871,"","ANDES",191.84,62.91,666.99,511.24,236.93,142.35,94.58,192.52,185.29,198.43,183.5,1526.98,193.13,52.78,37.31,548.92,168.69,411.33,236.01,1432.5,36,6.81,24.5,36,574135.72,129.45,19.7,0.59,0.86,0.57,0.33,0.27,0.29,0.29,0.44,20,4871,2635.31,450,4718,4268,418.19,1221,0,0,0,4.69,4207.24,4202.55,1428.75,1096.18,"South American",2.60606060606061
"365",29270,-70.5,8.5,209,63,572,844,"","ANDES",221.57,59.55,659.82,522.7,269.17,178.81,90.36,218.02,223.51,229.96,213.69,1771.29,255.74,19.93,57.92,741.12,73.8,280.38,682.31,1550,18,8.66,28.2,18,465525.75,132.99,20.97,0.53,0.92,0.61,0.25,0.21,0.23,0.22,0.41,18,4759,2859.72,400,4090,3690,200.66,1305,0,0,0,100.45,4255.52,4155.07,894.77,1163.61,"South American",3.68
"367",29627,-73.5,7.5,179,55,441,675,"","ANDES",243.83,66.41,715.39,366.57,290.68,197.83,92.85,242.45,238.9,248.29,238.35,2027.62,282.1,46.37,43.47,799.62,176.43,560.15,298.71,1560.25,21,44.41,65.2,21,3406335.16,97.98,13.22,0.12,0.17,0.17,0.17,0.17,0.17,0.17,0.17,14,3550,561.24,167,1150,983,188.08,1214,0,0,0,17.21,3293,3275.79,558.21,763.56,"South American",1
"369",29985,-75.5,6.5,193,79,482,754,"ANDES","ANDES",170.88,49.01,762.76,272.64,204.71,140.29,64.42,171.25,168.04,174.79,167.73,2455.88,320.42,78,38.19,912.3,267.67,782.05,368.15,1503.25,23,50.63,45.7,23,1452203.19,148.55,20.79,0.09,0.22,0.22,0.22,0.22,0.22,0.22,0.22,14,3055,1747.96,1025,2650,1625,334.41,1321,0,0,0,490.24,3035.52,2545.28,1857.15,569.46,"South American",1
"370",29988,-72.5,6.5,216,53,546,815,"ANDES","ANDES",131.85,67.81,750.21,292.03,175.38,84.97,90.41,132.85,128.63,135.39,127.03,1927.95,262.93,47.66,42.21,745.11,173.76,566.42,448.19,1258,16,14.67,20,16,2481350.29,320.68,42.02,0.3,0.24,0.24,0.22,0.2,0.19,0.16,0.21,14,5065,1053.44,235,2980,2745,519.43,1359,0,0,0,298.48,4614.17,4315.69,2587.66,941.82,"South American",1.09090909090909
"373",30344,-76.5,5.5,186,129,494,809,"","ANDES",236.7,37.06,789.02,226.95,261.63,214.67,46.96,236.32,237.43,239.67,233.22,5920.75,605.07,357.47,15.95,1761.95,1107.65,1601.25,1607.34,1507.5,4,40.98,8.6,4,268839.63,91.84,14.87,0.1,0.22,0.21,0.1,0.1,0.1,0.1,0.14,7,4099,790.5,782,799,17,247.19,3252,0,0,0,29.59,3941.48,3911.9,765.16,967.74,"South American",2.2
"374",30345,-75.5,5.5,195,129,426,750,"ANDES","ANDES",179.6,52.55,742.9,311.64,218.95,147.99,70.96,178.65,178.45,184.06,175.7,2442.96,310.44,111.54,30.5,887.62,367.71,537.16,719.45,1331.75,13,55.18,39.1,13,207833.63,58.92,12.43,0.08,0.2,0.2,0.2,0.2,0.2,0.2,0.2,12,3581,2107.23,1067,2735,1668,403.44,1140,0,0,0,615.31,3707.72,3092.41,1789.44,679.54,"South American",1
"375",30346,-74.5,5.5,197,90,410,697,"","ANDES",233.66,65.25,701.75,421.34,284.22,191.23,92.99,232.79,232.27,240.17,228.32,2256.36,300.12,94.66,35.77,840.97,323.12,421.73,386.03,1415.5,8,61.44,73.8,8,294487.91,62.75,12.61,0.08,0.2,0.2,0.2,0.2,0.2,0.19,0.2,17,3632,772.38,431,1100,669,270.55,851,0,0,0,139.72,3594.83,3455.1,859.6,665.94,"South American",1
"376",30347,-73.5,5.5,212,64,423,699,"ANDES","ANDES",138.5,69.18,746.01,251.48,185.02,92.28,92.75,138.9,136.38,141.45,134.19,1542.38,206.07,49.98,39.56,583.37,176.17,439.92,356.52,1375.5,23,21.36,71.3,23,653240.58,118.27,20.76,0.31,0.42,0.33,0.3,0.23,0.23,0.18,0.28,17,3572,2388.65,1341,3619,2278,310.13,1063,0,0,0,813,3718.34,2905.34,2507.76,530.33,"South American",1.4
"377",30348,-72.5,5.5,203,60,531,794,"","ANDES",196.03,64.3,721.11,481.06,242.22,152.94,89.29,192.04,198.18,201.96,187.14,2292.67,327.98,21.36,54.83,960.48,92.72,276.05,886.19,1457,30,16.6,35.9,30,1564189.04,170.76,23.94,0.28,0.34,0.34,0.34,0.27,0.22,0.16,0.28,15,3921,1389.93,317,3330,3013,267.97,1049,0,0,0,157.76,3772.72,3614.97,1444.87,1127.67,"South American",1
"378",30704,-76.5,4.5,194,143,510,847,"","ANDES",226.73,40.6,770.23,249.96,254.92,202.13,52.8,225.5,227.33,229.71,222.83,3736.54,421.19,223.12,22.29,1206.58,698.17,956.93,1092.61,1532.75,4,63.68,6.4,4,17194340,437.01,44.42,0.05,0.3,0.3,0.29,0.28,0.28,0.28,0.29,15,3817,1115,1032,1198,166,263.09,2316,0,0,0,13.59,3461.34,3447.76,959.28,864.4,"South American",1.03448275862069
"379",30705,-75.5,4.5,197,80,464,741,"ANDES","ANDES",171.56,56.48,746.98,217.94,212.06,136.4,75.66,170.45,172.25,174.87,168.45,1942.88,249.01,95.02,32.05,725.32,303.26,416.35,518.22,1344.25,26,55.36,92.7,26,1235792.14,182.21,24.82,0.1,0.23,0.23,0.23,0.17,0.15,0.15,0.19,15,4951,1785.35,919,3292,2373,343.14,1178,0,0,0,323.79,4763.69,4439.9,1970.4,999.45,"South American",1
"380",30706,-74.5,4.5,210,71,503,784,"","ANDES",192.23,64.39,737.32,265.6,238.73,151.38,87.35,192.27,191.56,196.03,187.79,1395.5,187.99,54.16,38.01,536.91,181.38,312.22,269.55,1392.5,6,36.68,49.8,6,2209040.24,313.07,43.75,0.16,0.33,0.25,0.25,0.22,0.2,0.16,0.24,18,3940,1214.17,685,2275,1590,256.87,993,0,0,0,174.79,3924.93,3750.14,1598.19,1118.68,"South American",1.32
"381",31425,-75.5,2.5,233,77,627,937,"ANDES","ANDES",184.09,54.23,715.28,415.2,222.45,146.61,75.84,186.47,181.82,188.33,175.81,1824.43,236.96,69.12,34.8,685.73,227.76,466.08,340.78,1577.75,6,11.6,3.5,6,212053.47,118.35,20.71,0.3,0.3,0.3,0.3,0.3,0.3,0.26,0.29,17,3713,1960.83,1220,2700,1480,353.42,837,0,0,0,419.59,4682.21,4262.62,1465.12,728.75,"South American",1
"382",31784,-76.5,1.5,240,94,771,1105,"ANDES","ANDES",167.22,55.6,708.09,348.89,206.4,127.85,78.55,166.65,167.68,170.79,160.17,2486.65,296.91,132.53,25.32,864.61,415.28,608.82,689.2,1485.25,9,45.16,103.8,9,172117.67,100.95,15.91,0.22,0.36,0.35,0.27,0.26,0.16,0.23,0.27,13,3947,2056,1638,2350,712,367.69,1007,0,0,0,399.97,3996.69,3596.72,1857.32,912.41,"South American",1.33333333333333
"383",31785,-75.5,1.5,231,90,659,980,"","ANDES",230.04,49.57,678.35,556.65,267.11,194.05,73.06,228.5,234.9,235.69,219.63,3402.14,444.19,107.09,35.47,1297.34,363.33,595.87,1095.29,1537,6,11.55,4.7,6,554771.85,108.45,19.04,0.32,0.33,0.33,0.33,0.33,0.32,0.22,0.31,9,2536,1868.33,1065,2650,1585,128.35,800,0,0,0,259.62,2219.21,1959.59,690.91,484.05,"South American",1
"384",32142,-78.5,0.5,192,128,654,974,"ANDES","ANDES",169.35,44.92,717.69,236.37,201.02,138.11,62.91,171.98,168.4,172.9,166.08,1828.12,239.05,65.62,38.66,693.27,215.68,621.73,382.64,1432.75,11,14.45,50.4,11,3746433.83,335.7,45.23,0.54,0.34,0.32,0.31,0.31,0.19,0.2,0.28,11,5264,1656.18,1138,2362,1224,374.39,1218,0,0,0,48.97,5659.24,5610.28,1714.96,1097.32,"South American",1.09677419354839
"385",32143,-77.5,0.5,247,137,751,1135,"ANDES","ANDES",153.88,55.44,675.13,324.17,196.56,114.26,82.3,155.6,152.62,158.11,147.77,1488,175.03,76.38,25.86,503.19,244.36,388.12,337.51,1343,3,0.77,0.1,3,719153.31,146.01,26.97,2.25,0.47,0.31,0.3,0.3,0.23,0.26,0.31,16,5485,2498,2498,2498,0,346.5,1125,0,0,0,310.17,5659.24,5349.07,2200.78,1180.43,"South American",1.56666666666667
"387",32502,-78.5,-0.5,207,143,582,932,"ANDES","ANDES",106.5,62.01,661.08,316.76,151.72,57.74,93.98,110.18,102.72,110.81,101.1,1493.34,203.49,51.16,40.07,591.74,168.93,583.73,225.23,1182.75,5,24.96,54.1,5,894873.44,137.57,23.28,0.4,0.25,0.2,0.19,0.18,0.14,0.11,0.18,12,5313,1951.8,805,3015,2210,353.83,1166,0,0,0,632.76,4623.66,3990.9,3050.69,846.93,"South American",1.31578947368421
"390",32862,-78.5,-1.5,211,80,680,971,"ANDES","ANDES",113.05,72.69,639.93,454.32,167.74,54.16,113.58,114.81,111.29,118.01,104.5,1720.4,203.78,100.22,27.81,585.29,308.14,528.47,447.96,1466.5,16,0.81,0.1,16,15628951.63,795.31,78.29,2.21,0.15,0.12,0.12,0.13,0.12,0.12,0.13,12,5544,1570.81,1369,1771,402,401.14,1312,0,0,0,1055.72,5051.62,3995.9,3099.68,769.95,"South American",1.25
"392",33581,-79.5,-3.5,152,56,540,748,"ANDES","ANDES",170.46,72.64,695.93,312.07,223.48,118.93,104.55,173.1,168.1,174.89,165.45,908.14,170.72,24.77,65.65,489.07,78.73,330.24,114.4,1399.5,5,50.02,22.3,5,268892.86,51.33,11.42,0.08,0.05,0.05,0.05,0.05,0.12,0.12,0.07,17,4132,998.6,0,2506,2506,382.25,1200,0,0,0,1,3926.48,3925.48,1803.06,1079.98,"South American",1
"393",33582,-78.5,-3.5,202,87,709,998,"ANDES","ANDES",183.33,71.41,637.51,650.35,239.74,127.79,111.94,178.1,187.16,189.46,171.06,1834.64,197.25,111.08,18.43,577.29,348.32,414.1,546.23,1380,4,33.08,48.8,4,679502.86,85.81,13.64,0.16,0.23,0.23,0.23,0.23,0.22,0.21,0.22,12,3843,1935.75,976,3380,2404,398.35,1109,2,29.28,3.44,434.72,3228.86,2794.14,1394.65,727.34,"South American",1
"415",36463,-77.5,-11.5,44,3,149,196,"","ANDES",208.09,48.49,620.34,831.12,242.59,164.94,77.65,221.34,202.14,221.46,197.96,76.73,22.3,0.22,107.86,61.91,1.26,61.91,2.33,1474,3,65.97,100.4,3,2565040.29,212.48,30.06,0.12,0.07,0.07,0.07,0.07,0.07,0.07,0.07,11,3871,494.33,3,960,957,260.86,943,0,0,0,1,4112.76,4111.76,697.88,723.25,"South American",1
"416",36464,-76.5,-11.5,90,8,181,279,"ANDES","ANDES",74.78,69.98,667.63,697.92,118.72,13.94,104.78,82.83,62.66,82.88,62.3,542.13,114.94,4.76,92.84,330.26,15.02,329.41,15.03,1151.75,3,44.97,40.6,3,1426858.45,198.66,26.02,0.12,0.1,0.1,0.1,0.1,0.1,0.1,0.1,12,5434,1004,559,1427,868,446.57,1355,0,0,0,420.72,5135.86,4715.14,3599.81,1151.17,"South American",1
"417",36828,-72.5,-12.5,228,46,680,954,"ANDES","ANDES",169.65,60.28,624.67,828.24,208.47,111.94,96.53,175.85,156.41,177.18,154.28,1572.24,242.13,35.31,55.04,718.28,121.97,543.85,123.39,963.5,6,28.2,47.1,6,36649141.67,943.99,80.6,0.23,0.08,0.08,0.08,0.08,0.06,0.06,0.08,15,4480,465.83,462,471,9,560.14,1304,0,0,0,424.24,4337.83,3913.59,1903.2,1031.25,"South American",1
"418",37184,-76.5,-13.5,32,1,89,122,"","ANDES",217.14,51.27,586.76,1104.79,256.11,168.67,87.45,233.64,213.44,234.06,202.81,29.89,8.99,0.06,140.01,25.32,0.59,24.99,1.17,1428,3,50.93,34.3,3,2852578.68,188.82,22.64,0.08,0.07,0.07,0.07,0.07,0.06,0.06,0.07,10,3231,370,295,423,128,140.19,678,0,0,0,1,3008.66,3007.66,378.19,529.18,"South American",1
"419",37185,-75.5,-13.5,59,4,135,198,"ANDES","ANDES",108.63,79.84,668.38,904.94,159.99,40.55,119.44,119.58,95.93,119.68,93.51,258.78,69.69,0.67,130.71,202.12,2.59,200.02,2.63,1124.25,7,52.1,44.9,7,1440640.23,218.79,28.67,0.09,0.12,0.12,0.11,0.11,0.11,0.11,0.11,12,5033,1924.43,505,3275,2770,412.23,1765,0,0,0,250.34,4896.41,4646.07,2998.02,1352.67,"South American",1.09090909090909
"420",37188,-72.5,-13.5,149,15,316,480,"ANDES","ANDES",85.38,71.7,596.16,1148.41,132.48,12.15,120.33,95.65,64.95,96.26,64.93,924.72,175.43,9.18,81.92,516.69,30.32,460.89,30.32,1288,9,26.48,72.2,9,565912.84,204.43,33.4,0.18,0.18,0.18,0.18,0.18,0.19,0.19,0.18,13,4709,3263.33,2400,3870,1470,589.79,1601,0,0,0,795.07,5439.66,4644.59,3608.05,738.86,"South American",1
"422",37545,-75.5,-14.5,33,2,81,116,"","ANDES",204.02,72.5,623.66,1305.92,255.9,140.41,115.49,221.71,197.49,221.8,185.63,61,20.85,0,158.86,59.89,0,59.85,0,672.75,4,73.3,13.6,4,202454.46,53.55,11.8,0.05,0.1,0.1,0.1,0.1,0.1,0.1,0.1,9,3882,1264.5,326,1878,1552,196.85,881,0,0,0,9,3591.55,3582.55,838.15,722.48,"South American",1
"423",37906,-74.5,-15.5,34,2,81,117,"","ANDES",178.45,68.79,616.39,1224.81,225.84,115,110.84,192.13,169.68,193.34,159.95,66.01,17.37,0.36,106.6,50.27,1.33,33.98,1.81,941.67,3,75.27,32.6,3,171525.68,34.62,6.37,0.07,0.05,0.05,0.05,0.05,0.05,0.05,0.05,10,3951,186,75,307,232,345.78,1286,0,0,0,2.25,3661.83,3659.58,1411.48,949.6,"South American",1
"424",37907,-73.5,-15.5,45,4,122,171,"ANDES","ANDES",107.12,88.94,629.14,1269.36,168.21,26.84,141.37,119.25,87.19,120.29,86.1,219.79,57.04,0.94,116.13,165.02,3.43,93.06,3.46,1177.5,17,69.96,93.1,17,10333794.66,451.5,45.43,0.08,0.06,0.06,0.05,0.06,0.05,0.05,0.06,13,5349,1215.88,500,2590,2090,388.13,1772,0,0,0,217.05,4951.28,4734.23,2966.16,956.12,"South American",1.2
"425",37908,-72.5,-15.5,52,4,121,177,"ANDES","ANDES",55.92,104.97,627.59,1411.96,130.4,-36.88,167.29,69.17,32.26,69.41,31.91,347.52,85.88,1.47,118.03,250,5.7,233.84,5.71,1132.25,9,78.21,31.1,9,591150.17,136.89,22.69,0.05,0.11,0.1,0.1,0.1,0.1,0.1,0.1,12,5696,2853.33,1740,3800,2060,403.83,1462,0,0,0,943.83,5854.28,4910.45,3930.84,963.41,"South American",1.1
"426",37912,-68.5,-15.5,175,38,466,679,"ANDES","ANDES",132.82,73.86,570.61,1509.31,185,55.62,129.37,147.23,106.8,148.31,106.8,1168.89,208.16,17.36,65.35,582.6,55.38,458.02,55.38,1259.25,4,12.48,10.1,4,168172.89,92.74,16.91,0.3,0.42,0.42,0.33,0.21,0.19,0.18,0.29,14,5928,3360,2875,4115,1240,537.54,1470,15,406.94,53.05,515.07,5172.93,4657.86,2596.11,1115.27,"South American",1.27272727272727
"427",37913,-67.5,-15.5,194,64,650,908,"ANDES","ANDES",218.61,57.78,555.39,1329.52,262.65,158.63,104.02,229.74,195.54,231.93,195.2,1661.67,246.52,51.28,49.63,722.7,162.4,601.8,163.11,1493.5,18,39.28,109.4,18,170890.03,45.3,9.27,0.19,0.13,0.13,0.13,0.13,0.13,0.11,0.13,14,2779,986.22,522,1680,1158,333.56,1307,12,320.87,41.86,224.24,3184.21,2959.97,983.22,437.05,"South American",1
"429",38272,-68.5,-16.5,118,16,159,293,"ANDES","ANDES",68.54,93.14,576.6,1851.35,135.79,-25.58,161.37,86.49,37.58,87.66,37.4,712.48,160.92,6.44,84.34,429.62,20.82,294.42,20.83,1136.25,30,12.97,32.3,30,525260.76,183.47,27.36,0.33,0.29,0.29,0.23,0.15,0.13,0.11,0.2,14,4860,3802.83,2040,5020,2980,169.1,1167,4,588.65,70.47,2573.03,5016.41,2443.38,4008.77,323.3,"South American",1.26086956521739
"430",38273,-67.5,-16.5,170,36,497,703,"ANDES","ANDES",133.04,71.03,556.19,1628.09,186.09,58.49,127.61,149.09,105.94,149.86,105.87,1120.83,201.91,21.59,66.55,566.9,66.85,463.66,66.85,973.75,21,46.72,548.4,21,680592.85,118.49,18.64,0.36,0.26,0.25,0.22,0.13,0.11,0.12,0.18,14,5749,3280.67,1020,4640,3620,645.28,1202,29,397.27,48.92,751.66,5023.86,4272.21,2626.97,1011.09,"South American",1.18181818181818
"431",38629,-71.5,-17.5,17,1,89,107,"","ANDES",195.38,74.34,660.17,1081.87,244.82,132.42,112.41,201.65,195.63,208.33,178.39,22.19,5.87,0,99.78,16.43,0.19,12.12,2.7,377,4,90.7,8,4,317580.95,70.17,13.4,0.05,0.04,0.04,0.04,0.04,0.04,0.04,0.04,9,2603,303,32,630,598,189.64,761,0,0,0,1,2314.62,2313.62,872.69,561.38,"South American",1
"432",38634,-66.5,-17.5,144,27,233,404,"ANDES","ANDES",95.25,82.11,555.88,1808.37,155.23,7.66,147.56,111.18,64.27,114.18,64.27,795.13,168.66,8.75,86.84,469.63,27.21,354.43,27.21,1252,8,105.84,596.7,8,174614.92,48.36,10.07,0.16,0.13,0.13,0.13,0.12,0.11,0.11,0.12,13,3407,3507.5,2761,3998,1237,344.48,1013,0,0,0,1870.69,4611.31,2740.62,3525.39,609.14,"South American",1
"433",38635,-65.5,-17.5,187,75,620,882,"ANDES","ANDES",139.85,68.19,540.05,1715.1,190.35,64.21,126.13,155.34,110.78,157.15,110.29,1437.07,261.01,25.83,77.77,737.28,86.5,603.92,86.91,1216.25,7,21.3,125.5,7,1358124,180.38,26.48,0.94,0.31,0.2,0.17,0.16,0.17,0.18,0.2,14,4426,1625.43,410,3154,2744,383.63,1243,0,0,0,288.14,4418.38,4130.24,2506.33,1049.58,"South American",1.82352941176471
"435",39354,-66.5,-19.5,50,5,78,133,"ANDES","ANDES",58.15,126.61,558.47,2780.93,162.39,-64.32,226.71,80.37,16.5,88.05,13.2,213.66,58.89,0.49,120.45,167.45,1.84,79.03,2.25,1197.25,4,20.85,31.6,4,353257.03,37.49,9.33,0.25,0.23,0.23,0.23,0.23,0.23,0.22,0.23,6,2006,3725.75,3550,3900,350,152.93,644,0,0,0,3674.41,5135.83,1461.41,4172.43,347.34,"South American",1
"436",39355,-65.5,-19.5,78,8,120,206,"ANDES","ANDES",93.1,110.95,555.39,2416.36,177.15,-22.73,199.88,115.4,52.54,118.2,52.54,472.77,104.61,1.33,93.98,296.94,4.82,213.33,4.82,1253.25,4,32.33,42.6,4,83574.15,38.43,9.21,0.16,0.11,0.11,0.11,0.11,0.11,0.11,0.11,6,2898,2971.5,2255,3253,998,270.17,769,1,34.67,3.88,2120.28,4717.21,2596.93,3472.83,512.35,"South American",1
"437",39356,-64.5,-19.5,116,22,291,429,"ANDES","ANDES",141.89,91.56,540.81,2347.27,210.25,41.05,169.2,164.96,102.96,166.87,102.82,694.92,136.56,4.73,83.71,393.8,15.78,368.57,15.8,1312.75,7,43.73,70.2,7,361518.55,81.1,14.16,0.12,0.11,0.11,0.11,0.11,0.11,0.11,0.11,8,3613,2191.86,1236,3065,1829,350.34,985,5,254.28,29.74,890.76,3882.34,2991.59,2365.21,624.16,"South American",1
"438",39357,-63.5,-19.5,126,34,331,491,"ANDES","ANDES",211.27,79.37,498.44,2555.94,281.36,122.09,159.27,239.19,179.88,239.26,168.97,841.11,157.37,13.64,74.34,451.75,42.67,451.72,48.53,1558.25,4,182.98,160.4,4,6836.51,6.77,2.14,0.05,0.03,0.03,0.03,0.03,0.03,0.03,0.03,11,1825,1152,844,1367,523,143.71,647,8,724.78,123.61,503.41,1704.31,1200.9,958.74,269.92,"South American",1
"441",39713,-67.5,-20.5,30,2,55,87,"ANDES","ANDES",70.8,140.92,590.42,3070.77,184.45,-54.44,238.89,98.83,40.17,105.45,22.91,102.54,37.88,0,155.68,104.88,0.06,43.12,0.35,1126.5,6,28.97,12.7,6,20842.65,8.88,3.34,0.13,0.19,0.19,0.19,0.19,0.18,0.18,0.18,8,1488,3922.17,3761,4066,305,38.85,721,0,0,0,3602.34,4450.55,848.21,3673.74,112.53,"South American",1
"442",39714,-66.5,-20.5,40,4,66,110,"ANDES","ANDES",67.95,135.99,550.33,3192.77,184.05,-63.05,247.09,94.06,28.77,102.54,17.38,175.91,47.95,0.18,122.28,135.55,0.93,79.53,2.1,1243.75,8,27.7,21.9,8,98714.49,27.21,7.15,0.18,0.22,0.22,0.22,0.22,0.22,0.22,0.22,6,2339,3671,3290,4001,711,149.07,753,0,0,0,3384.93,4897.86,1512.93,3851.41,217.81,"South American",1
"445",40070,-70.5,-21.5,10,-9999,27,37,"","ANDES",175.87,73.41,542.13,1962.17,237.13,101.78,135.35,194.79,202.54,202.59,148.29,0.2,0.2,0,331.66,0.4,0,0.02,0.15,0,8,127.13,27,8,30.29,0.33,0.23,0.05,0.05,0.05,0.05,0.05,0.05,0.05,0.05,4,2284,886.25,10,1800,1790,186.83,856,0,0,0,32.33,1903.38,1871.05,750.48,524.49,"South American",1
"446",40072,-68.5,-21.5,34,5,64,103,"ANDES","ANDES",43.5,135.33,638.01,2452.95,143.1,-69.03,212.13,71.18,15.82,72.58,4.97,33.79,17.8,0,188.68,39.15,0,35.5,0.79,1149.75,14,39.2,11.7,14,194.01,1,0.5,0.1,0.11,0.11,0.11,0.11,0.13,0.13,0.11,9,3884,4122.86,3759,4577,818,226.89,1007,0,0,0,2529.1,5299.28,2770.17,3951.9,478.33,"South American",1
"447",40074,-66.5,-21.5,40,4,70,114,"ANDES","ANDES",48.2,135.9,560.03,3221.12,162.48,-80.32,242.8,78.84,7.7,82.95,-1.72,170.45,54.42,0,134.02,144.28,0,93.06,0.51,1291.75,6,23.57,11,6,3498.35,7.6,3.3,0.2,0.24,0.24,0.24,0.24,0.25,0.25,0.24,5,2799,4145.83,4020,4323,303,163.05,845,0,0,0,3213.55,5395.83,2182.28,4073.56,296.12,"South American",1
"448",40075,-65.5,-21.5,75,8,136,219,"ANDES","ANDES",85.37,128.11,540.82,3189.88,185.14,-51.71,236.85,117.1,36.06,119.31,33.56,367.12,91.01,0.22,110.4,261.25,1.4,202.62,1.56,1344.5,25,27.4,16.6,25,81762.73,34.75,8.74,0.18,0.19,0.19,0.19,0.19,0.2,0.2,0.19,4,2551,3357.92,2540,4189,1649,232.09,920,0,0,0,2396.72,4326.14,1929.41,3404.7,412.44,"South American",1
"449",40076,-64.5,-21.5,120,21,356,497,"ANDES","ANDES",147.71,102.18,503.19,3153.3,228.69,25.91,202.78,182.22,97.73,182.27,96.28,772.87,167.77,2.08,97.04,484.78,7.83,476.22,8.06,1638.5,16,22.98,20.1,16,95657.56,59.66,12.39,0.22,0.2,0.2,0.2,0.2,0.21,0.19,0.2,7,4035,2940.5,1834,3870,2036,327.67,1199,0,0,0,643.79,4179.97,3536.17,1991.02,699.49,"South American",1
"454",40430,-70.5,-22.5,9,-9999,26,35,"","ANDES",162.42,82.89,543.21,2161.63,231.56,79.48,152.08,146.47,191.57,191.63,131.49,0.91,0.89,0,329.25,1.79,0,0.02,0.88,1496,8,127.13,27,8,30.29,0.33,0.23,0.05,0.05,0.05,0.05,0.05,0.05,0.05,0.05,7,2084,886.25,10,1800,1790,207.36,813,0,0,0,1,1923.17,1922.17,1010.64,507.53,"South American",1
"455",40431,-69.5,-22.5,11,-9999,14,25,"ANDES","ANDES",161.84,127.65,613.19,2552.7,252.28,44.45,207.83,164.71,188.43,191.5,121.46,5.5,3.24,0,223.07,6.66,0,4.39,1.05,902.5,12,55.7,15,12,6554.69,14.3,5.3,0.09,0.1,0.1,0.1,0.1,0.11,0.11,0.1,2,2420,2382.33,1926,2806,880,76.42,496,0,0,0,1037.45,3159.07,2121.62,1610.18,398.65,"South American",1
"456",40432,-68.5,-22.5,29,3,67,99,"ANDES","ANDES",91.16,141.46,615.14,2840.6,196.72,-33.35,230.07,124.38,74.01,124.38,46.44,28.58,18.51,0,208.68,37.41,0,37.41,1.3,1189.25,34,35.76,11.5,34,1358.93,5.3,2.03,0.12,0.11,0.11,0.11,0.11,0.25,0.25,0.16,5,3856,3248.21,2596,3943,1347,135.76,1218,0,0,0,2137.45,4992.62,2855.17,3103.69,584.05,"South American",1
"463",40790,-70.5,-23.5,10,-9999,24,34,"","ANDES",191.56,106.09,575.27,2325.46,273.75,90.19,183.56,163.32,221.64,221.64,156.1,2.81,1.62,0,238.5,3.53,0,0,3.17,893.5,7,88.4,49.8,7,894.24,3.69,1.79,0.05,0.04,0.04,0.04,0.04,0.04,0.04,0.04,7,1688,835.43,626,1004,378,150.71,879,0,0,0,7.35,1471.07,1463.72,704.4,417.87,"South American",1
"464",40791,-69.5,-23.5,11,-9999,14,25,"ANDES","ANDES",163.82,145.14,612.73,2895.17,268.23,31.32,236.91,131.01,193.28,197.35,118,8.69,3.06,0,147.94,7.05,0,1.75,5.26,918.75,4,55,8.4,4,2495.46,8.19,3.22,0.1,0.07,0.07,0.07,0.07,0.11,0.11,0.08,2,2752,2049,1573,2491,918,107.67,580,4,0.82,0.11,636.83,3085.34,2448.52,1649.59,569.48,"South American",1
"465",40792,-68.5,-23.5,20,-9999,51,71,"ANDES","ANDES",110.22,150.8,600.66,3187.72,225.19,-25.87,251.06,119.27,131.52,147.83,59.93,21.57,7.24,0,114.35,15.58,0.08,14.34,6.4,1176.25,4,51.55,25.9,4,1800.61,7.49,2.79,0.08,0.15,0.15,0.15,0.15,0.15,0.15,0.15,4,2062,3205.5,2439,4033,1594,91.54,559,1,2.37,0.32,2201.45,3793.97,1592.52,2601.11,343.94,"South American",1
"467",40795,-65.5,-23.5,106,22,283,411,"ANDES","ANDES",68.16,113.5,504.14,3673.6,160.54,-64.39,224.93,104.04,10.89,107.84,9.53,764.34,182.57,4.26,103.84,500.4,14.43,478.71,14.46,1267,8,22.06,52,8,765764.46,158.67,25.86,0.23,0.18,0.18,0.18,0.18,0.17,0.17,0.17,11,4433,4031.25,3539,4262,723,328.59,987,0,0,0,857.41,4873.28,4015.86,3425.37,856.48,"South American",1
"472",41153,-67.5,-24.5,26,2,62,90,"ANDES","ANDES",33.17,130.18,566.13,3330.74,144.51,-85.39,229.9,70.82,27.92,74.13,-17.03,39.17,12.68,0.08,107.17,29.68,1.39,29.51,5.99,1216.5,4,193.9,9,4,309908.1,75.41,14.73,0.05,0.03,0.03,0.03,0.03,0.03,0.03,0.03,4,2597,4267.25,3992,4540,548,162.95,815,0,0,0,3413.97,5065.52,1651.55,3836.72,371.41,"South American",1
"473",41154,-66.5,-24.5,51,4,112,167,"ANDES","ANDES",27.72,116.42,536.52,3448.54,126.34,-90.6,216.94,66.23,-19.24,66.72,-25.08,224.49,71.18,0.91,123.8,182.53,3.01,182.46,3.28,1205.5,9,34.49,49.3,9,18728.9,24.88,6.95,0.16,0.13,0.13,0.13,0.13,0.13,0.13,0.13,5,3848,4485,3513,5170,1657,285.96,881,0,0,0,2661.86,5656.83,2994.97,4258.92,498.3,"South American",1
"474",41155,-65.5,-24.5,109,18,340,467,"ANDES","ANDES",118.3,100.42,470.45,3748.31,204.96,-8.42,213.39,158.88,59.16,159.95,58.18,762.48,191.76,4.33,103.5,514.96,14.31,514.15,14.34,1176,7,57.33,63,7,105913.91,32.04,7.58,0.11,0.1,0.1,0.1,0.1,0.1,0.1,0.1,14,5240,3085.43,2877,3216,339,293.57,1105,0,0,0,604.48,5189.9,4585.41,2307.2,1225.9,"South American",1
"477",41514,-66.5,-25.5,60,3,145,208,"ANDES","ANDES",59.34,108.03,509.62,3559.47,152.42,-59.42,211.84,99.45,8.48,99.5,4.25,294.55,92.54,0.9,121.83,237.11,3.21,234.26,3.4,1204.5,29,45.29,149.2,29,240387.31,90.42,15.93,0.16,0.19,0.19,0.19,0.19,0.19,0.19,0.19,7,4146,3330.9,2500,4938,2438,283.61,1067,0,0,0,1761.97,5559.14,3797.17,3665.54,924.27,"South American",1
"481",41871,-69.5,-26.5,16,-9999,22,38,"ANDES","ANDES",88.32,115.93,527.75,3386.96,189.23,-30.55,219.78,42,116,129.08,35.7,23.9,6.99,0,104.94,17.62,0.11,1.32,16.13,1130.75,6,44.67,2.2,6,716.51,2.04,0.63,0.1,0.1,0.1,0.1,0.1,0.1,0.1,0.1,3,4431,3528.33,3395,3759,364,209.86,750,0,0,0,892.38,4715.62,3823.24,2843.33,969.83,"South American",1
"482",41873,-67.5,-26.5,36,2,75,113,"ANDES","ANDES",29.83,123.79,521.17,3927.47,137.22,-100.29,237.51,71.23,-7.12,76.83,-30.05,97.9,32.32,0.8,123.73,82.94,2.7,79.04,4.2,1240.5,12,26.9,5.1,12,639.93,0.93,0.35,0.2,0.19,0.19,0.19,0.19,0.17,0.17,0.19,6,3360,3814.08,3413,4455,1042,224.58,891,0,0,0,2879.31,5480.38,2601.07,3922.17,522.55,"South American",1
"483",41874,-66.5,-26.5,69,6,186,261,"ANDES","ANDES",53.51,104.39,482.08,3797.46,143.98,-72.38,216.36,94.71,-2.83,96.93,-5.94,417.4,119.2,1.63,111.66,306.01,5.88,303.69,6.02,1225.25,16,41.17,65.9,16,1888822.35,199.31,30.35,0.13,0.13,0.13,0.12,0.12,0.1,0.1,0.12,7,3945,2889.56,2559,3281,722,260.9,884,0,0,0,1620.93,5075.07,3454.14,3544.08,802.15,"South American",1.08333333333333
"484",41875,-65.5,-26.5,98,18,372,488,"ANDES","ANDES",140.58,84.19,410.66,3937.58,225.16,20.1,205.06,183.77,85.16,186.93,77.98,1088.38,243.09,8.93,90.54,658.13,27.74,651.83,30.09,1266.5,20,75.25,23.5,20,47934.3,59.56,12.28,0.05,0.09,0.09,0.09,0.09,0.09,0.09,0.09,12,4607,3558.8,2350,4300,1950,225.38,941,0,0,0,346.41,4632.1,4285.69,1623.54,981.62,"South American",1
"486",42234,-66.5,-27.5,72,11,206,289,"ANDES","ANDES",129.16,97.34,425.65,4303.74,221.66,-7.09,228.75,174.37,69.41,179.8,61,293.07,72.85,3.51,95.85,199.08,11.9,181.64,12.44,1209.5,39,27.46,179,39,244945.08,120.58,21.9,0.49,0.58,0.52,0.3,0.24,0.25,0.25,0.36,9,4784,2959.33,1105,5062,3957,226.61,990,0,0,0,694.83,4858.69,4163.86,1903.43,915.17,"South American",1.93333333333333
"487",42595,-65.5,-28.5,70,15,240,325,"","ANDES",174.2,80.06,351.24,4867.13,273.55,45.58,227.97,229.87,114.04,233.51,96.91,495.7,102.57,4.8,82.19,280.61,16.26,278.31,22.9,941.25,4,222.5,29,4,41180.9,23.04,4.47,0.05,0.02,0.02,0.02,0.02,0.02,0.02,0.02,11,3405,1696.25,1612,1786,174,109.59,871,0,0,0,239.72,3584.62,3344.9,765.57,520.55,"South American",1
"521",44750,-70.5,-34.5,38,5,99,142,"ANDES","ANDES",67.44,108.61,404.14,5714.95,212.34,-56.41,268.75,-7,144.66,145.67,-7,723.86,175.44,3.18,95.38,506.3,12.95,18.32,506.3,774.5,9,40.63,102.4,9,380719.67,148.14,24.08,0.15,0.32,0.29,0.29,0.29,0.21,0.34,0.29,17,4916,2554.56,1307,2969,1662,515.13,1603,0,0,0,252.1,4188.86,3936.76,2038.87,1137.88,"South American",1.10344827586207
"525",45110,-70.5,-35.5,38,7,82,127,"ANDES","ANDES",47.88,106.06,401.7,5554.2,191.82,-72.23,264.05,-23.41,123.73,124.72,-25.03,796.33,175.49,7.13,85.1,506.63,23.16,31.94,505.06,787,4,12.43,8.8,4,319717.68,151.45,24.1,0.33,0.32,0.28,0.27,0.27,0.3,0.41,0.31,12,4000,1111.25,1000,1336,336,452.14,1231,0,0,0,484,3705.41,3221.41,2305.75,579.68,"South American",1.18518518518519
"530",45469,-71.5,-36.5,36,7,104,147,"","ANDES",102.61,104.95,419.29,4827.57,242.32,-8.03,250.35,48.99,171.51,171.51,39.4,1219.48,259.98,10.88,84.92,743.76,34.19,34.19,714.47,1017.25,4,14.63,7,4,128913.37,61.59,10.71,0.25,0.23,0.23,0.23,0.24,0.26,0.25,0.24,16,3050,1004.75,811,1388,577,282.95,986,0,0,0,112.17,2428.86,2316.69,977.94,692.84,"South American",1
"541",46189,-71.5,-38.5,42,13,97,152,"ANDES","ANDES",71.32,93.07,399.38,4552.02,204.69,-28.32,233.02,21.09,137.46,137.46,12.29,1291.02,229.22,26.29,67.73,671.28,82.7,82.7,655.13,907.25,12,21.71,62.9,12,265895.7,66.6,13.15,0.31,0.5,0.27,0.16,0.19,0.23,0.15,0.25,10,2748,1286.42,550,1870,1320,316.26,888,0,0,0,345.59,2199.97,1854.38,1243.78,357.26,"South American",3.125
"544",46549,-71.5,-39.5,47,13,113,173,"ANDES","ANDES",70.55,85.91,387.63,4413.86,199.22,-22.42,221.64,14,134.81,134.81,13.63,1469.85,254.01,37.21,65.35,754.45,115.7,115.7,754.18,889.75,8,5.73,6.5,8,342907.68,78.06,13.38,0.59,0.62,0.44,0.27,0.24,0.28,0.33,0.36,14,3525,727.25,370,1050,680,346.09,1034,0,0,0,224,2635.79,2411.79,1169.08,335.39,"South American",2.2962962962963
"545",47268,-72.5,-41.5,30,14,113,157,"","ANDES",88.79,64.6,375.73,3448.22,185.48,13.56,171.92,51.37,136.53,138.35,42.96,2123.41,295.98,90.42,42.94,877.59,279.95,281.09,856.99,711,6,5.1,8.2,6,278898.98,79.59,12.92,0.68,0.55,0.47,0.35,0.32,0.25,0.26,0.37,13,2663,629.17,25,1650,1625,417.6,1154,0,0,0,1,1511.48,1510.48,549.53,417.6,"South American",1.57142857142857
"546",47269,-71.5,-41.5,49,16,124,189,"ANDES","ANDES",61.2,69.97,359.94,4036.59,171.79,-22.65,194.44,19.72,117.63,119.09,7.71,1160.57,202.98,38.97,61.19,582.12,121.44,126.22,539.55,784,6,15.98,15.6,6,567772.12,77.32,12.74,0.28,0.31,0.29,0.24,0.23,0.22,0.24,0.25,18,3280,745.83,250,1675,1425,401.31,1151,0,0,0,317.9,2398.66,2080.76,1183.71,333.39,"South American",1.29166666666667
"555",47628,-72.5,-42.5,28,12,97,137,"","ANDES",72.86,55.78,352.01,3279.74,161.15,2.64,158.5,39.05,108.94,120.02,28.92,2242.53,312.15,99.88,43.01,922.66,306.56,318.86,895.26,462.67,6,4.9,2.4,6,333875.45,116.23,20.38,0.62,0.73,0.6,0.48,0.47,0.31,0.31,0.48,16,2528,522.5,5,1450,1445,595.59,1470,0,0,0,1,1849.76,1848.76,728.85,471.7,"South American",1.52083333333333
"561",47988,-72.5,-43.5,26,10,98,134,"","ANDES",72.77,55.31,349.45,3249.05,159.31,1,158.31,37.4,110.55,119.22,28.36,2795.38,369.94,127.17,37.35,1056.92,402.61,413.15,1040.51,637.5,24,8.79,47.9,24,5727897.56,304.58,35.74,0.6,0.55,0.44,0.32,0.31,0.3,0.26,0.36,13,2198,589.25,25,1725,1700,522.01,1246,0,0,0,1,1864.62,1863.62,803.33,407.62,"South American",1.71875
"562",47989,-71.5,-43.5,39,11,124,174,"ANDES","ANDES",63.62,61.84,344.37,3775,163.14,-16.46,179.6,16.13,113.02,117.37,12.13,1228.74,179.64,50.21,46.83,516.19,159.63,161.51,513.59,640.5,6,41.47,79.6,6,2170249.12,141.48,19.93,0.28,0.37,0.28,0.24,0.18,0.17,0.15,0.23,16,2002,903.5,421,1700,1279,281.24,1161,0,0,0,423.72,2131.55,1707.83,1148.91,319.72,"South American",1.54166666666667
"567",48347,-73.5,-44.5,15,9,85,109,"","ANDES",89.16,40.19,327.23,2585.46,154.7,32.51,122.19,68.56,124.5,126.84,54.2,3791.97,459.39,203.15,25.72,1249.83,654.96,657.68,1217.5,505,3,33.23,19.4,3,3977.73,1.76,0.47,0.13,0.22,0.22,0.22,0.22,0.26,0.26,0.23,18,1632,0,0,0,0,389.05,894,0,0,0,1,1042.66,1041.66,155.53,180.88,"South American",1
"568",48348,-72.5,-44.5,21,10,92,123,"","ANDES",62.08,54.4,347.83,3189.57,146.36,-10.02,156.39,30.61,106.53,107.54,17.72,3244.41,409.67,162.7,29.91,1132.1,526.72,527.83,1090.09,618,16,4.74,14.8,16,3402555.15,234.35,28.28,0.85,0.86,0.58,0.51,0.45,0.3,0.31,0.5,14,2388,108.69,5,300,295,541.01,1137,0,0,0,1,1705.17,1704.17,719.16,344.75,"South American",1.68627450980392
"573",48708,-72.5,-45.5,25,10,87,122,"","ANDES",52.14,55.22,346.09,3271.74,137.01,-22.53,159.54,30.78,93.16,98.39,5.99,2271.76,291.81,124.24,30.15,786.14,397.51,398.7,763.44,604,12,26.36,74.8,12,3252313.16,267.65,34.17,0.36,0.34,0.33,0.32,0.39,0.29,0.3,0.33,10,2079,133,10,362,352,501.46,1165,0,0,0,13.28,1486.31,1473.03,807,315.83,"South American",1.0625
"576",49065,-75.5,-46.5,8,5,76,89,"","ANDES",82.81,23.08,277.63,1969.32,126.86,43.92,82.95,67.18,107.33,111.81,57.53,2119.14,218.1,143.19,11.86,625.66,452.5,453.95,573.09,0,3,2.63,1.2,3,38611.93,21.63,5.26,1,1.39,1.2,0.36,0.35,0.35,0.35,0.67,13,823,0,0,0,0,217.55,556,0,0,0,1,490.34,489.34,138.83,124.74,"South American",3.86111111111111
"577",49067,-73.5,-46.5,15,10,84,109,"","ANDES",43.08,50.84,340.06,3113.89,120.16,-29.29,149.45,31.9,82.75,86.82,-1.13,2110.94,248.95,117.88,24.04,697.61,383.68,386.05,660.92,569,4,7.83,1.8,4,301960.97,82.43,15.44,0.43,0.31,0.31,0.33,0.35,0.31,0.28,0.32,13,3984,149,133,166,33,460.62,1343,0,0,0,1,3953.62,3952.62,959.43,896.09,"South American",0.939393939393939
"578",49068,-72.5,-46.5,29,8,91,128,"","ANDES",35.27,58.18,345.94,3518.44,122.82,-45.34,168.16,7.41,83.58,83.99,-14.96,1049.87,139.74,49.63,36.68,384.18,163.89,163.98,374.42,567.75,9,43.02,85.1,9,240301.26,85.37,16.53,0.26,0.48,0.48,0.48,0.35,0.34,0.3,0.4,18,2285,571.33,200,1211,1011,438.44,1097,0,0,0,236.93,2015.31,1778.38,810.23,325.14,"South American",1
"580",49426,-74.5,-47.5,11,4,83,98,"","ANDES",68.86,41.71,325.73,2714.35,133.42,5.54,127.88,60.91,100.95,107.04,29.97,2009.54,204,130.62,12.73,592.16,421.16,422.97,564.84,663,7,20.73,12,7,111737.11,35.52,5.98,0.21,0.2,0.2,0.2,0.21,0.2,0.18,0.2,15,1435,0,0,0,0,379.48,1091,0,0,0,1,917.1,916.1,189.61,171.51,"South American",1
"581",49427,-73.5,-47.5,17,4,60,81,"","ANDES",34.63,51.55,337.18,3240.94,112.05,-40.8,152.85,23.23,78.31,79.45,-12.01,1307.85,144.73,72.57,21.58,422.2,244.61,245.15,387.63,549,4,7.75,7.5,4,14484706.75,473.1,47.91,0.48,0.35,0.35,0.26,0.28,0.32,0.32,0.31,17,3414,93.5,10,272,262,516.13,1301,0,0,0,1,4202.59,4201.59,972.56,819.71,"South American",1.34615384615385
"582",49428,-72.5,-47.5,27,1,82,110,"ANDES","ANDES",30.66,59.46,343.57,3697.41,119.41,-53.63,173.05,11.57,80.88,80.94,-22.79,513.97,63.71,23.12,32.01,181.89,83.39,83.4,167.28,517.25,4,16.4,24.4,4,9128406.84,319.58,35.26,0.28,0.26,0.26,0.24,0.26,0.24,0.23,0.25,19,3482,197.5,20,370,350,423.01,1738,0,0,0,177.69,3033.38,2855.69,860.5,375.64,"South American",1.08333333333333
"583",49785,-75.5,-48.5,5,3,72,80,"","ANDES",73.71,28.32,298.32,2127.69,122.13,27.52,94.61,72,54.42,104.27,44.64,2346.25,212.24,168.97,6.34,626.75,519.25,559.47,603.12,0,5,39.6,32.8,5,6741.64,2.96,0.81,0.14,0.13,0.13,0.13,0.13,0.14,0.13,0.13,11,1090,0,0,0,0,287.53,734,0,0,0,1,613.14,612.14,117.46,117.38,"South American",1
"584",49786,-74.5,-48.5,12,4,80,96,"","ANDES",58.64,41.97,327.09,2733.27,123.62,-4.56,128.18,51.07,79.39,97.04,19.15,2059.33,200.1,140.76,9.95,589.92,447.17,453.68,550.54,513.5,7,18.4,10,7,49622.61,22.03,4.54,0.23,0.21,0.21,0.21,0.21,0.2,0.21,0.21,13,1568,0,0,0,0,438.85,937,0,0,0,1,988.66,987.66,260.14,190.06,"South American",1
"585",49788,-72.5,-48.5,31,3,88,122,"","ANDES",28.19,57.23,336.83,3725.13,116.46,-53.43,169.89,11.86,77.62,78.76,-25.46,378.41,48.96,16.91,32.13,140.4,61.7,61.77,120.65,492.75,10,8.6,9.7,10,796531.49,149.35,24.29,0.42,0.33,0.32,0.23,0.26,0.3,0.34,0.3,18,2186,269.2,118,412,294,352.17,1065,0,0,0,319.9,1865.9,1546,809.93,323.9,"South American",1.43478260869565
"586",50145,-75.5,-49.5,5,1,74,80,"","ANDES",70.14,27.12,299.32,2048.73,116.15,25.84,90.31,75.9,51.77,99.34,42.28,2591.29,230.52,195.6,5.12,684.54,591.3,623.87,657.65,611,6,31,8.9,6,43264.09,13.9,4.03,0.13,0.13,0.13,0.13,0.13,0.13,0.13,0.13,16,1032,16.67,0,100,100,309.5,769,0,0,0,1,464.66,463.66,115.38,99.73,"South American",1
"587",50146,-74.5,-49.5,12,6,84,102,"","ANDES",50.08,39.68,330.92,2577.27,110.86,-8.86,119.72,46.3,73.81,85.93,12.91,2166.06,210.31,153.39,9.5,620.37,477.29,480.91,574.56,489.5,19,18.79,14.7,19,43884.86,15.81,3.38,0.23,0.25,0.25,0.25,0.25,0.23,0.23,0.25,15,1724,0.42,0,1,1,464.4,961,0,0,0,1,900,899,317.24,177.03,"South American",1
"588",50147,-73.5,-49.5,21,4,85,110,"ANDES","ANDES",4.41,49.64,337.54,3244.15,80.46,-66.69,147.15,-7.87,48.68,48.68,-42.19,986.49,114.96,56.01,23.4,338.87,181.35,181.35,287.98,305.75,4,16.78,8.2,4,218979.43,96.34,15.96,0.25,0.3,0.3,0.3,0.3,0.14,0.15,0.25,15,3544,0.75,0,1,1,379.74,1371,0,0,0,18,3663.62,3645.62,1512.82,1013.21,"South American",1
"589",50506,-74.5,-50.5,14,2,81,97,"","ANDES",56.79,32.25,325.15,2171.58,106.38,8.02,98.36,63.19,81.09,86.71,25.9,2200.73,215.75,162.46,8.81,626.46,496.41,497.65,580.8,0,9,18.2,16.4,9,44799.09,25.95,6.57,0.21,0.23,0.23,0.22,0.21,0.24,0.24,0.23,14,1332,0.33,0,1,1,403.01,945,0,0,0,1,813.21,812.21,122.67,114.65,"South American",1.04545454545455
"590",50507,-73.5,-50.5,28,2,90,120,"","ANDES",12.99,47.13,342.57,3075.1,82.69,-54.91,137.61,3.6,53.7,53.73,-31.59,1000.37,113.12,62.9,20.14,328.05,193.43,193.43,280.03,282.33,9,13.08,11.9,9,227386.18,61.87,10.77,0.31,0.5,0.5,0.25,0.1,0.25,0.24,0.3,14,2913,0.33,0,1,1,454.95,1625,0,0,0,1,3577.34,3576.34,855.96,638.93,"South American",2
"592",50867,-73.5,-51.5,23,1,92,116,"","ANDES",45.63,38.36,323.04,2743.76,104.97,-13.42,118.38,54.94,63.29,82.35,6.43,1523.06,157.02,110.54,11.15,454.2,340.17,345.3,379.32,463.5,4,14.93,7,4,2163.06,1.81,0.4,0.25,0.26,0.25,0.25,0.26,0.24,0.24,0.25,22,2637,3.25,1,10,9,400.35,1368,0,0,0,1,1820,1819,416.1,339.13,"South American",1.04
"593",51226,-74.5,-52.5,3,1,80,84,"","ANDES",63.63,18.12,273.65,1637.1,97.6,31.49,66.11,75.71,49.53,87.11,42.45,3207.83,297.4,238.66,6.58,884.15,727.15,802.14,769.06,498,3,33.37,52.7,3,32887.76,22.31,4.87,0.18,0.27,0.27,0.27,0.27,0.27,0.26,0.27,17,1496,3.33,0,10,10,290.76,648,0,0,0,1,525.03,524.03,84.74,94.25,"South American",1
"594",51227,-73.5,-52.5,15,1,84,100,"","ANDES",53,29.37,305.47,2274.13,101.06,5.23,95.83,64.67,28.8,84.19,21.27,2791.63,269.69,192.87,9.66,803.18,598.28,702.22,630.52,390,7,17.93,16.6,7,5351.93,3.51,1.04,0.23,0.26,0.26,0.26,0.26,0.22,0.19,0.24,21,1634,0.43,0,1,1,322.39,951,0,0,0,1,1219.38,1218.38,220.05,204.23,"South American",1
"595",51588,-72.5,-53.5,14,1,85,100,"","ANDES",47.12,32.6,322.96,2360.91,97.98,-2.65,100.64,57.68,21.05,79.35,14.19,1980.5,195,133.67,10.74,581.63,422.47,509.47,435.2,366,5,23.78,13.1,5,191710.05,49.99,9.02,0.18,0.18,0.18,0.18,0.17,0.19,0.21,0.18,21,1326,1,1,1,0,349.26,962,0,0,0,1,1103,1102,254.39,227.13,"South American",1
"596",51949,-71.5,-54.5,6,1,88,95,"","ANDES",49.23,28.74,320.33,2103.29,94.65,5.23,89.43,59.57,40.96,78.54,20.53,1361.83,135.84,95.15,10.78,405.4,293.7,355.02,314,431,10,66.63,40.8,10,36487.06,15.35,3.98,0.06,0.27,0.27,0.27,0.27,0.29,0.29,0.26,16,1347,1,1,1,0,344.9,772,0,0,0,1,592.83,591.83,133.55,127.1,"South American",1
"597",51950,-70.5,-54.5,12,1,93,106,"","ANDES",39.84,34.91,331.53,2457.18,92.81,-12.38,105.19,52.32,32.81,73.35,5.64,1065.35,104.91,72.25,11.8,312.56,223.61,292.78,237.06,283,12,32.5,28.1,12,6256.65,6.33,1.71,0.15,0.16,0.16,0.16,0.16,0.27,0.26,0.16,16,1952,1,1,1,0,414.17,1160,0,0,0,1,1101.24,1100.24,261.97,239.34,"South American",1
"598",51951,-69.5,-54.5,13,-9999,88,101,"","ANDES",28.85,41.92,343.69,2812.05,89.99,-31.93,121.92,39.02,22.98,66.52,-10.74,746.92,72,49.85,11.25,213.14,155.54,202.73,168.29,338.75,10,36.18,52.9,10,27206.23,16.24,4.07,0.17,0.2,0.2,0.2,0.2,0.18,0.17,0.19,17,2573,57.3,1,564,563,400.07,1134,0,0,0,1,1660.83,1659.83,438.13,344.81,"South American",1
